pos_x,pos_y,pos_z,box_pos_x,box_pos_y,box_pos_z,vel_x,vel_y,vel_z,t,change_pos,energy,collisions
0.0,0.0,0.0,0.0,0.0,0.0,40.221925378689335,-114.49243030837091,-436.1717129074945,0.0,0.0,0.0,0
4.0221925378689333e-10,-1.144924303083709e-09,-4.361717129074945e-09,4.0221925378689333e-10,-1.144924303083709e-09,-4.361717129074945e-09,40.221925378689335,-114.49243030837091,-436.1717129074945,1e-11,4.527384267098871e-09,6.798592471332386e-21,0
8.044385075737867e-10,-2.289848606167418e-09,-8.72343425814989e-09,8.044385075737867e-10,-2.289848606167418e-09,-8.72343425814989e-09,40.221925378689335,-114.49243030837091,-436.1717129074945,2e-11,4.527384267098871e-09,6.798592471332386e-21,0
1.20665776136068e-09,-3.434772909251127e-09,-1.3085151387224834e-08,1.20665776136068e-09,-3.434772909251127e-09,-1.3085151387224834e-08,40.221925378689335,-114.49243030837091,-436.1717129074945,3e-11,4.527384267098871e-09,6.798592471332386e-21,0
1.6088770151475733e-09,-4.579697212334836e-09,-1.744686851629978e-08,1.6088770151475733e-09,-4.579697212334836e-09,-1.744686851629978e-08,40.221925378689335,-114.49243030837091,-436.1717129074945,4e-11,4.527384267098871e-09,6.798592471332386e-21,0
2.011096268934467e-09,-5.724621515418545e-09,-2.1808585645374725e-08,2.011096268934467e-09,-5.724621515418545e-09,-2.1808585645374725e-08,40.221925378689335,-114.49243030837091,-436.1717129074945,4.9999999999999995e-11,4.527384267098871e-09,6.798592471332386e-21,0
2.41331552272136e-09,-6.869545818502254e-09,-2.617030277444967e-08,2.41331552272136e-09,-6.869545818502254e-09,-2.617030277444967e-08,40.221925378689335,-114.49243030837091,-436.1717129074945,6e-11,4.527384267098871e-09,6.798592471332386e-21,0
2.8155347765082534e-09,-8.014470121585964e-09,-3.053201990352461e-08,2.8155347765082534e-09,-8.014470121585964e-09,-3.053201990352461e-08,40.221925378689335,-114.49243030837091,-436.1717129074945,6.999999999999999e-11,4.527384267098871e-09,6.798592471332386e-21,0
3.2177540302951467e-09,-9.159394424669672e-09,-3.489373703259956e-08,3.2177540302951467e-09,-9.159394424669672e-09,-3.489373703259956e-08,9.823024615363654,95.39412312736428,79.74259386187988,8e-11,4.527384267098871e-09,6.798592471332386e-21,1
3.3159842764487833e-09,-8.20545319339603e-09,-3.409631109398076e-08,3.3159842764487833e-09,-8.20545319339603e-09,-3.409631109398076e-08,9.823024615363654,95.39412312736428,79.74259386187988,9e-11,1.2472133664956247e-09,5.159478505577267e-22,1
3.41421452260242e-09,-7.2515119621223874e-09,-3.329888515536196e-08,3.41421452260242e-09,-7.2515119621223874e-09,-3.329888515536196e-08,9.823024615363654,95.39412312736428,79.74259386187988,9.999999999999999e-11,1.2472133664956247e-09,5.159478505577267e-22,1
3.5124447687560567e-09,-6.297570730848745e-09,-3.250145921674316e-08,3.5124447687560567e-09,-6.297570730848745e-09,-3.250145921674316e-08,9.823024615363654,95.39412312736428,79.74259386187988,1.1e-10,1.2472133664956247e-09,5.159478505577267e-22,1
3.6106750149096934e-09,-5.343629499575102e-09,-3.1704033278124365e-08,3.6106750149096934e-09,-5.343629499575102e-09,-3.1704033278124365e-08,9.823024615363654,95.39412312736428,79.74259386187988,1.2e-10,1.2472133664956247e-09,5.159478505577267e-22,1
3.70890526106333e-09,-4.389688268301459e-09,-3.0906607339505566e-08,3.70890526106333e-09,-4.389688268301459e-09,-3.0906607339505566e-08,9.823024615363654,95.39412312736428,79.74259386187988,1.3e-10,1.2472133664956247e-09,5.159478505577267e-22,1
3.807135507216966e-09,-3.4357470370278167e-09,-3.010918140088677e-08,3.807135507216966e-09,-3.4357470370278167e-09,-3.010918140088677e-08,9.823024615363654,95.39412312736428,79.74259386187988,1.3999999999999998e-10,1.2472133664956247e-09,5.159478505577267e-22,1
3.905365753370603e-09,-2.481805805754174e-09,-2.931175546226797e-08,3.905365753370603e-09,-2.481805805754174e-09,-2.931175546226797e-08,9.823024615363654,95.39412312736428,79.74259386187988,1.5e-10,1.2472133664956247e-09,5.159478505577267e-22,1
4.00359599952424e-09,-1.5278645744805313e-09,-2.851432952364917e-08,4.00359599952424e-09,-1.5278645744805313e-09,-2.851432952364917e-08,9.823024615363654,95.39412312736428,79.74259386187988,1.6e-10,1.2472133664956247e-09,5.159478505577267e-22,1
4.101826245677876e-09,-5.739233432068887e-10,-2.7716903585030372e-08,4.101826245677876e-09,-5.739233432068887e-10,-2.7716903585030372e-08,9.823024615363654,95.39412312736428,79.74259386187988,1.6999999999999998e-10,1.2472133664956247e-09,5.159478505577267e-22,1
4.200056491831513e-09,3.80017888066754e-10,-2.6919477646411573e-08,4.200056491831513e-09,3.80017888066754e-10,-2.6919477646411573e-08,9.823024615363654,95.39412312736428,79.74259386187988,1.8e-10,1.2472133664956247e-09,5.159478505577267e-22,1
4.29828673798515e-09,1.3339591193403967e-09,-2.6122051707792775e-08,4.29828673798515e-09,1.3339591193403967e-09,-2.6122051707792775e-08,9.823024615363654,95.39412312736428,79.74259386187988,1.9e-10,1.2472133664956247e-09,5.159478505577267e-22,1
4.3965169841387864e-09,2.2879003506140394e-09,-2.5324625769173976e-08,4.3965169841387864e-09,2.2879003506140394e-09,-2.5324625769173976e-08,9.823024615363654,95.39412312736428,79.74259386187988,1.9999999999999998e-10,1.2472133664956247e-09,5.159478505577267e-22,1
4.494747230292423e-09,3.241841581887682e-09,-2.4527199830555178e-08,4.494747230292423e-09,3.241841581887682e-09,-2.4527199830555178e-08,9.823024615363654,95.39412312736428,79.74259386187988,2.1e-10,1.2472133664956247e-09,5.159478505577267e-22,1
4.59297747644606e-09,4.195782813161325e-09,-2.372977389193638e-08,4.59297747644606e-09,4.195782813161325e-09,-2.372977389193638e-08,9.823024615363654,95.39412312736428,79.74259386187988,2.2e-10,1.2472133664956247e-09,5.159478505577267e-22,1
4.6912077225996965e-09,5.149724044434967e-09,-2.293234795331758e-08,4.6912077225996965e-09,5.149724044434967e-09,-2.293234795331758e-08,9.823024615363654,95.39412312736428,79.74259386187988,2.2999999999999998e-10,1.2472133664956247e-09,5.159478505577267e-22,1
4.789437968753333e-09,6.10366527570861e-09,-2.2134922014698782e-08,4.789437968753333e-09,6.10366527570861e-09,-2.2134922014698782e-08,9.823024615363654,95.39412312736428,79.74259386187988,2.4e-10,1.2472133664956247e-09,5.159478505577267e-22,1
4.88766821490697e-09,7.057606506982253e-09,-2.1337496076079984e-08,4.88766821490697e-09,7.057606506982253e-09,-2.1337496076079984e-08,9.823024615363654,95.39412312736428,79.74259386187988,2.4999999999999996e-10,1.2472133664956247e-09,5.159478505577267e-22,1
4.9858984610606065e-09,8.011547738255895e-09,-2.0540070137461185e-08,4.9858984610606065e-09,8.011547738255895e-09,-2.0540070137461185e-08,9.823024615363654,95.39412312736428,79.74259386187988,2.6e-10,1.2472133664956247e-09,5.159478505577267e-22,1
5.084128707214243e-09,8.965488969529536e-09,-1.9742644198842386e-08,5.084128707214243e-09,8.965488969529536e-09,-1.9742644198842386e-08,9.823024615363654,95.39412312736428,79.74259386187988,2.7e-10,1.2472133664956247e-09,5.159478505577267e-22,1
5.18235895336788e-09,9.919430200803178e-09,-1.8945218260223588e-08,5.18235895336788e-09,9.919430200803178e-09,-1.8945218260223588e-08,9.823024615363654,95.39412312736428,79.74259386187988,2.7999999999999996e-10,1.2472133664956247e-09,5.159478505577267e-22,1
5.2805891995215166e-09,1.087337143207682e-08,-1.814779232160479e-08,5.2805891995215166e-09,1.087337143207682e-08,-1.814779232160479e-08,9.823024615363654,95.39412312736428,79.74259386187988,2.9e-10,1.2472133664956247e-09,5.159478505577267e-22,1
5.378819445675153e-09,1.1827312663350462e-08,-1.735036638298599e-08,5.378819445675153e-09,1.1827312663350462e-08,-1.735036638298599e-08,9.823024615363654,95.39412312736428,79.74259386187988,3e-10,1.2472133664956247e-09,5.159478505577267e-22,1
5.47704969182879e-09,1.2781253894624104e-08,-1.6552940444367192e-08,5.47704969182879e-09,1.2781253894624104e-08,-1.6552940444367192e-08,9.823024615363654,95.39412312736428,79.74259386187988,3.0999999999999996e-10,1.2472133664956247e-09,5.159478505577267e-22,1
5.575279937982427e-09,1.3735195125897746e-08,-1.5755514505748394e-08,5.575279937982427e-09,1.3735195125897746e-08,-1.5755514505748394e-08,9.823024615363654,95.39412312736428,79.74259386187988,3.2e-10,1.2472133664956247e-09,5.159478505577267e-22,1
5.673510184136063e-09,1.4689136357171388e-08,-1.4958088567129595e-08,5.673510184136063e-09,1.4689136357171388e-08,-1.4958088567129595e-08,259.64214399105475,-176.3292481642886,-200.1662911203273,3.3e-10,1.2472133664956247e-09,5.159478505577267e-22,2
8.26993162404661e-09,1.2925843875528501e-08,-1.6959751478332867e-08,8.26993162404661e-09,1.2925843875528501e-08,-1.6959751478332867e-08,259.64214399105475,-176.3292481642886,-200.1662911203273,3.3999999999999996e-10,3.72253395948677e-09,4.596228708976705e-21,2
1.0866353063957158e-08,1.1162551393885615e-08,-1.896141438953614e-08,1.0866353063957158e-08,1.1162551393885615e-08,-1.896141438953614e-08,259.64214399105475,-176.3292481642886,-200.1662911203273,3.5e-10,3.72253395948677e-09,4.596228708976705e-21,2
1.3462774503867705e-08,9.399258912242728e-09,-2.096307730073941e-08,1.3462774503867705e-08,9.399258912242728e-09,-2.096307730073941e-08,259.64214399105475,-176.3292481642886,-200.1662911203273,3.6e-10,3.72253395948677e-09,4.596228708976705e-21,2
1.6059195943778252e-08,7.635966430599842e-09,-2.2964740211942682e-08,1.6059195943778252e-08,7.635966430599842e-09,-2.2964740211942682e-08,259.64214399105475,-176.3292481642886,-200.1662911203273,3.6999999999999996e-10,3.72253395948677e-09,4.596228708976705e-21,2
1.8655617383688798e-08,5.872673948956956e-09,-2.4966403123145954e-08,1.8655617383688798e-08,5.872673948956956e-09,-2.4966403123145954e-08,-150.92988615404226,160.46708150410743,-271.3721030631875,3.8e-10,3.72253395948677e-09,4.596228708976705e-21,3
1.7146318522148374e-08,7.47734476399803e-09,-2.768012415377783e-08,1.7146318522148374e-08,7.47734476399803e-09,-2.768012415377783e-08,-150.92988615404226,160.46708150410743,-271.3721030631875,3.9e-10,3.4953159099265303e-09,4.0522586871080336e-21,3
1.563701966060795e-08,9.082015579039104e-09,-3.039384518440971e-08,1.563701966060795e-08,9.082015579039104e-09,-3.039384518440971e-08,-150.92988615404226,160.46708150410743,-271.3721030631875,3.9999999999999996e-10,3.4953159099265303e-09,4.0522586871080336e-21,3
1.4127720799067527e-08,1.0686686394080179e-08,-3.310756621504158e-08,1.4127720799067527e-08,1.0686686394080179e-08,-3.310756621504158e-08,-283.52936636240435,129.039186535594,26.449864259713912,4.1e-10,3.4953159099265303e-09,4.0522586871080336e-21,4
1.1292427135443483e-08,1.1977078259436119e-08,-3.2843067572444443e-08,1.1292427135443483e-08,1.1977078259436119e-08,-3.2843067572444443e-08,-283.52936636240435,129.039186535594,26.449864259713912,4.2e-10,3.1263334526405145e-09,3.241864731977727e-21,4
8.457133471819441e-09,1.3267470124792059e-08,-3.2578568929847304e-08,8.457133471819441e-09,1.3267470124792059e-08,-3.2578568929847304e-08,-283.52936636240435,129.039186535594,26.449864259713912,4.2999999999999996e-10,3.1263334526405145e-09,3.241864731977727e-21,4
5.621839808195398e-09,1.4557861990147999e-08,-3.2314070287250164e-08,5.621839808195398e-09,1.4557861990147999e-08,-3.2314070287250164e-08,-283.52936636240435,129.039186535594,26.449864259713912,4.4e-10,3.1263334526405145e-09,3.241864731977727e-21,4
2.7865461445713547e-09,1.584825385550394e-08,-3.2049571644653024e-08,2.7865461445713547e-09,1.584825385550394e-08,-3.2049571644653024e-08,-283.52936636240435,129.039186535594,26.449864259713912,4.5e-10,3.1263334526405145e-09,3.241864731977727e-21,4
-4.874751905268834e-11,1.713864572085988e-08,-3.1785073002055884e-08,-4.874751905268834e-11,1.713864572085988e-08,-3.1785073002055884e-08,-283.52936636240435,129.039186535594,26.449864259713912,4.5999999999999996e-10,3.1263334526405145e-09,3.241864731977727e-21,4
-2.8840411826767314e-09,1.842903758621582e-08,-3.1520574359458745e-08,-2.8840411826767314e-09,1.842903758621582e-08,-3.1520574359458745e-08,-283.52936636240435,129.039186535594,26.449864259713912,4.699999999999999e-10,3.1263334526405145e-09,3.241864731977727e-21,4
-5.7193348463007745e-09,1.971942945157176e-08,-3.1256075716861605e-08,-5.7193348463007745e-09,1.971942945157176e-08,-3.1256075716861605e-08,-283.52936636240435,129.039186535594,26.449864259713912,4.8e-10,3.1263334526405145e-09,3.241864731977727e-21,4
-8.554628509924818e-09,2.10098213169277e-08,-3.0991577074264465e-08,-8.554628509924818e-09,2.10098213169277e-08,-3.0991577074264465e-08,-283.52936636240435,129.039186535594,26.449864259713912,4.9e-10,3.1263334526405145e-09,3.241864731977727e-21,4
-1.1389922173548862e-08,2.230021318228364e-08,-3.0727078431667326e-08,-1.1389922173548862e-08,2.230021318228364e-08,-3.0727078431667326e-08,-283.52936636240435,129.039186535594,26.449864259713912,4.999999999999999e-10,3.1263334526405145e-09,3.241864731977727e-21,4
-1.4225215837172904e-08,2.359060504763958e-08,-3.0462579789070186e-08,-1.4225215837172904e-08,2.359060504763958e-08,-3.0462579789070186e-08,-283.52936636240435,129.039186535594,26.449864259713912,5.1e-10,3.1263334526405145e-09,3.241864731977727e-21,4
-1.7060509500796946e-08,2.488099691299552e-08,-3.0198081146473046e-08,-1.7060509500796946e-08,2.488099691299552e-08,-3.0198081146473046e-08,-283.52936636240435,129.039186535594,26.449864259713912,5.2e-10,3.1263334526405145e-09,3.241864731977727e-21,4
-1.9895803164420988e-08,2.617138877835146e-08,-2.9933582503875906e-08,-1.9895803164420988e-08,2.617138877835146e-08,-2.9933582503875906e-08,-283.52936636240435,129.039186535594,26.449864259713912,5.299999999999999e-10,3.1263334526405145e-09,3.241864731977727e-21,4
-2.273109682804503e-08,2.74617806437074e-08,-2.9669083861278767e-08,-2.273109682804503e-08,2.74617806437074e-08,-2.9669083861278767e-08,-283.52936636240435,129.039186535594,26.449864259713912,5.4e-10,3.1263334526405145e-09,3.241864731977727e-21,4
-2.5566390491669073e-08,2.875217250906334e-08,-2.9404585218681627e-08,-2.5566390491669073e-08,2.875217250906334e-08,-2.9404585218681627e-08,-283.52936636240435,129.039186535594,26.449864259713912,5.5e-10,3.1263334526405145e-09,3.241864731977727e-21,4
-2.8401684155293115e-08,3.004256437441928e-08,-2.9140086576084487e-08,-2.8401684155293115e-08,3.004256437441928e-08,-2.9140086576084487e-08,-283.52936636240435,129.039186535594,26.449864259713912,5.599999999999999e-10,3.1263334526405145e-09,3.241864731977727e-21,4
-3.123697781891716e-08,3.133295623977522e-08,-2.8875587933487348e-08,-3.123697781891716e-08,3.133295623977522e-08,-2.8875587933487348e-08,-283.52936636240435,129.039186535594,26.449864259713912,5.7e-10,3.1263334526405145e-09,3.241864731977727e-21,4
-3.40722714825412e-08,3.262334810513116e-08,-2.8611089290890208e-08,-3.40722714825412e-08,3.262334810513116e-08,-2.8611089290890208e-08,-283.52936636240435,129.039186535594,26.449864259713912,5.8e-10,3.1263334526405145e-09,3.241864731977727e-21,4
-3.690756514616525e-08,3.39137399704871e-08,-2.8346590648293068e-08,-3.690756514616525e-08,3.39137399704871e-08,-2.8346590648293068e-08,-283.52936636240435,129.039186535594,26.449864259713912,5.899999999999999e-10,3.1263334526405145e-09,3.241864731977727e-21,4
-3.9742858809789294e-08,3.520413183584304e-08,-2.808209200569593e-08,-3.9742858809789294e-08,3.520413183584304e-08,-2.808209200569593e-08,-283.52936636240435,129.039186535594,26.449864259713912,6e-10,3.1263334526405145e-09,3.241864731977727e-21,4
-4.257815247341334e-08,3.649452370119898e-08,-2.781759336309879e-08,-4.257815247341334e-08,3.649452370119898e-08,-2.781759336309879e-08,-283.52936636240435,129.039186535594,26.449864259713912,6.1e-10,3.1263334526405145e-09,3.241864731977727e-21,4
-4.5413446137037385e-08,3.778491556655492e-08,-2.755309472050165e-08,-4.5413446137037385e-08,3.778491556655492e-08,-2.755309472050165e-08,-283.52936636240435,129.039186535594,26.449864259713912,6.199999999999999e-10,3.1263334526405145e-09,3.241864731977727e-21,4
-4.824873980066143e-08,3.907530743191086e-08,-2.728859607790451e-08,-4.824873980066143e-08,3.907530743191086e-08,-2.728859607790451e-08,-283.52936636240435,129.039186535594,26.449864259713912,6.3e-10,3.1263334526405145e-09,3.241864731977727e-21,4
-5.1084033464285476e-08,4.03656992972668e-08,-2.702409743530737e-08,-5.1084033464285476e-08,4.03656992972668e-08,-2.702409743530737e-08,-283.52936636240435,129.039186535594,26.449864259713912,6.4e-10,3.1263334526405145e-09,3.241864731977727e-21,4
-5.391932712790952e-08,4.165609116262274e-08,-2.675959879271023e-08,4.6080672872090474e-08,4.165609116262274e-08,-2.675959879271023e-08,-283.52936636240435,129.039186535594,26.449864259713912,6.499999999999999e-10,3.1263334526405145e-09,3.241864731977727e-21,4
-5.675462079153357e-08,4.294648302797868e-08,-2.649510015011309e-08,4.324537920846643e-08,4.294648302797868e-08,-2.649510015011309e-08,-283.52936636240435,129.039186535594,26.449864259713912,6.6e-10,3.1263334526405145e-09,3.241864731977727e-21,4
-5.958991445515761e-08,4.423687489333462e-08,-2.623060150751595e-08,4.041008554484238e-08,4.423687489333462e-08,-2.623060150751595e-08,-283.52936636240435,129.039186535594,26.449864259713912,6.7e-10,3.1263334526405145e-09,3.241864731977727e-21,4
-6.242520811878166e-08,4.552726675869056e-08,-2.596610286491881e-08,3.757479188121834e-08,4.552726675869056e-08,-2.596610286491881e-08,-283.52936636240435,129.039186535594,26.449864259713912,6.799999999999999e-10,3.1263334526405145e-09,3.241864731977727e-21,4
-6.52605017824057e-08,4.68176586240465e-08,-2.570160422232167e-08,3.473949821759429e-08,4.68176586240465e-08,-2.570160422232167e-08,-283.52936636240435,129.039186535594,26.449864259713912,6.9e-10,3.1263334526405145e-09,3.241864731977727e-21,4
-6.809579544602975e-08,4.810805048940244e-08,-2.543710557972453e-08,3.1904204553970246e-08,4.810805048940244e-08,-2.543710557972453e-08,-283.52936636240435,129.039186535594,26.449864259713912,7e-10,3.1263334526405145e-09,3.241864731977727e-21,4
-7.09310891096538e-08,4.939844235475838e-08,-2.517260693712739e-08,2.9068910890346204e-08,4.939844235475838e-08,-2.517260693712739e-08,-283.52936636240435,129.039186535594,26.449864259713912,7.099999999999999e-10,3.1263334526405145e-09,3.241864731977727e-21,4
-7.376638277327784e-08,5.068883422011432e-08,-2.4908108294530252e-08,2.623361722672216e-08,5.068883422011432e-08,-2.4908108294530252e-08,-283.52936636240435,129.039186535594,26.449864259713912,7.2e-10,3.1263334526405145e-09,3.241864731977727e-21,4
-7.660167643690189e-08,5.197922608547026e-08,-2.4643609651933112e-08,2.339832356309812e-08,1.979226085470263e-09,-2.4643609651933112e-08,-283.52936636240435,129.039186535594,26.449864259713912,7.3e-10,3.1263334526405145e-09,3.241864731977727e-21,4
-7.943697010052593e-08,5.32696179508262e-08,-2.4379111009335972e-08,2.0563029899474077e-08,3.269617950826203e-09,-2.4379111009335972e-08,-283.52936636240435,129.039186535594,26.449864259713912,7.399999999999999e-10,3.1263334526405145e-09,3.241864731977727e-21,4
-8.227226376414998e-08,5.456000981618214e-08,-2.4114612366738833e-08,1.7727736235850034e-08,4.560009816182143e-09,-2.4114612366738833e-08,-283.52936636240435,129.039186535594,26.449864259713912,7.5e-10,3.1263334526405145e-09,3.241864731977727e-21,4
-8.510755742777402e-08,5.585040168153808e-08,-2.3850113724141693e-08,1.4892442572225992e-08,5.850401681538083e-09,-2.3850113724141693e-08,-283.52936636240435,129.039186535594,26.449864259713912,7.6e-10,3.1263334526405145e-09,3.241864731977727e-21,4
-8.794285109139807e-08,5.714079354689402e-08,-2.3585615081544553e-08,1.205714890860195e-08,7.140793546894023e-09,-2.3585615081544553e-08,-283.52936636240435,129.039186535594,26.449864259713912,7.699999999999999e-10,3.1263334526405145e-09,3.241864731977727e-21,4
-9.077814475502211e-08,5.843118541224996e-08,-2.3321116438947414e-08,9.221855244977908e-09,8.431185412249963e-09,-2.3321116438947414e-08,-283.52936636240435,129.039186535594,26.449864259713912,7.8e-10,3.1263334526405145e-09,3.241864731977727e-21,4
-9.361343841864616e-08,5.97215772776059e-08,-2.3056617796350274e-08,6.386561581353865e-09,9.721577277605903e-09,-2.3056617796350274e-08,-283.52936636240435,129.039186535594,26.449864259713912,7.9e-10,3.1263334526405145e-09,3.241864731977727e-21,4
-9.64487320822702e-08,6.101196914296183e-08,-2.2792119153753134e-08,3.5512679177298215e-09,1.1011969142961843e-08,-2.2792119153753134e-08,-283.52936636240435,129.039186535594,26.449864259713912,7.999999999999999e-10,3.1263334526405145e-09,3.241864731977727e-21,4
-9.928402574589425e-08,6.230236100831777e-08,-2.2527620511155994e-08,7.159742541057785e-10,1.2302361008317783e-08,-2.2527620511155994e-08,-283.52936636240435,129.039186535594,26.449864259713912,8.1e-10,3.1263334526405145e-09,3.241864731977727e-21,4
-1.021193194095183e-07,6.35927528736737e-08,-2.2263121868558855e-08,-2.1193194095182646e-09,1.3592752873673723e-08,-2.2263121868558855e-08,-283.52936636240435,129.039186535594,26.449864259713912,8.2e-10,3.1263334526405145e-09,3.241864731977727e-21,4
-1.0495461307314234e-07,6.488314473902963e-08,-2.1998623225961715e-08,-4.954613073142308e-09,1.4883144739029663e-08,-2.1998623225961715e-08,-283.52936636240435,129.039186535594,26.449864259713912,8.299999999999999e-10,3.1263334526405145e-09,3.241864731977727e-21,4
-1.0778990673676639e-07,6.617353660438557e-08,-2.1734124583364575e-08,-7.78990673676635e-09,1.6173536604385603e-08,-2.1734124583364575e-08,-283.52936636240435,129.039186535594,26.449864259713912,8.4e-10,3.1263334526405145e-09,3.241864731977727e-21,4
-1.1062520040039043e-07,6.74639284697415e-08,-2.1469625940767436e-08,-1.0625200400390395e-08,1.7463928469741543e-08,-2.1469625940767436e-08,-327.6519915830651,-157.77419803264712,191.8248372482692,8.5e-10,3.1263334526405145e-09,3.241864731977727e-21,5
-1.1390172031622109e-07,6.588618648941503e-08,-1.9551377568284743e-08,-1.3901720316221046e-08,1.588618648941507e-08,-1.9551377568284743e-08,-327.6519915830651,-157.77419803264712,191.8248372482692,8.599999999999999e-10,4.111511806361729e-09,5.606958965698401e-21,5
-1.1717824023205175e-07,6.430844450908855e-08,-1.763312919580205e-08,-1.7178240232051697e-08,1.43084445090886e-08,-1.763312919580205e-08,-327.6519915830651,-157.77419803264712,191.8248372482692,8.7e-10,4.111511806361729e-09,5.606958965698401e-21,5
-1.204547601478824e-07,6.273070252876208e-08,-1.5714880823319357e-08,-2.0454760147882347e-08,1.2730702528762128e-08,-1.5714880823319357e-08,-327.6519915830651,-157.77419803264712,191.8248372482692,8.8e-10,4.111511806361729e-09,5.606958965698401e-21,5
-1.2373128006371305e-07,6.11529605484356e-08,-1.3796632450836664e-08,-2.3731280063712997e-08,1.1152960548435656e-08,-1.3796632450836664e-08,-327.6519915830651,-157.77419803264712,191.8248372482692,8.899999999999999e-10,4.111511806361729e-09,5.606958965698401e-21,5
-1.270077999795437e-07,5.957521856810913e-08,-1.1878384078353971e-08,-2.7007799979543647e-08,9.575218568109185e-09,-1.1878384078353971e-08,-327.6519915830651,-157.77419803264712,191.8248372482692,9e-10,4.111511806361729e-09,5.606958965698401e-21,5
-1.3028431989537433e-07,5.7997476587782664e-08,-9.960135705871278e-09,-3.0284319895374296e-08,7.997476587782713e-09,-9.960135705871278e-09,-327.6519915830651,-157.77419803264712,191.8248372482692,9.1e-10,4.111511806361729e-09,5.606958965698401e-21,5
-1.3356083981120497e-07,5.6419734607456196e-08,-8.041887333388585e-09,-3.3560839811204946e-08,6.419734607456242e-09,-8.041887333388585e-09,-327.6519915830651,-157.77419803264712,191.8248372482692,9.199999999999999e-10,4.111511806361729e-09,5.606958965698401e-21,5
-1.3683735972703562e-07,5.484199262712973e-08,-6.123638960905893e-09,-3.6837359727035596e-08,4.841992627129771e-09,-6.123638960905893e-09,-327.6519915830651,-157.77419803264712,191.8248372482692,9.3e-10,4.111511806361729e-09,5.606958965698401e-21,5
-1.4011387964286626e-07,5.326425064680326e-08,-4.205390588423201e-09,-4.0113879642866245e-08,3.2642506468033e-09,-4.205390588423201e-09,-327.6519915830651,-157.77419803264712,191.8248372482692,9.399999999999999e-10,4.111511806361729e-09,5.606958965698401e-21,5
-1.433903995586969e-07,5.168650866647679e-08,-2.287142215940509e-09,-4.3390399558696895e-08,1.686508666476829e-09,-2.287142215940509e-09,-327.6519915830651,-157.77419803264712,191.8248372482692,9.5e-10,4.111511806361729e-09,5.606958965698401e-21,5
-1.4666691947452755e-07,5.010876668615032e-08,-3.688938434578169e-10,-4.6666919474527545e-08,1.0876668615035785e-10,-3.688938434578169e-10,-327.6519915830651,-157.77419803264712,191.8248372482692,9.6e-10,4.111511806361729e-09,5.606958965698401e-21,5
-1.499434393903582e-07,4.8531024705823854e-08,1.5493545290248752e-09,-4.9943439390358195e-08,-1.4689752941761133e-09,1.5493545290248752e-09,-327.6519915830651,-157.77419803264712,191.8248372482692,9.7e-10,4.111511806361729e-09,5.606958965698401e-21,5
-1.5321995930618883e-07,4.6953282725497385e-08,3.4676029015075673e-09,-5.3219959306188844e-08,-3.0467172745025844e-09,3.4676029015075673e-09,-327.6519915830651,-157.77419803264712,191.8248372482692,9.8e-10,4.111511806361729e-09,5.606958965698401e-21,5
-1.5649647922201948e-07,4.537554074517092e-08,5.385851273990259e-09,4.35035207779805e-08,-4.624459254829055e-09,5.385851273990259e-09,-327.6519915830651,-157.77419803264712,191.8248372482692,9.899999999999999e-10,4.111511806361729e-09,5.606958965698401e-21,5
-1.5977299913785012e-07,4.379779876484445e-08,7.3040996464729514e-09,4.022700086214985e-08,-6.202201235155526e-09,7.3040996464729514e-09,-327.6519915830651,-157.77419803264712,191.8248372482692,9.999999999999999e-10,4.111511806361729e-09,5.606958965698401e-21,5
-1.6304951905368076e-07,4.222005678451798e-08,9.222348018955644e-09,3.69504809463192e-08,-7.779943215481998e-09,9.222348018955644e-09,-327.6519915830651,-157.77419803264712,191.8248372482692,1.01e-09,4.111511806361729e-09,5.606958965698401e-21,5
-1.663260389695114e-07,4.064231480419151e-08,1.1140596391438337e-08,3.367396103048855e-08,-9.35768519580847e-09,1.1140596391438337e-08,-327.6519915830651,-157.77419803264712,191.8248372482692,1.02e-09,4.111511806361729e-09,5.606958965698401e-21,5
-1.6960255888534205e-07,3.906457282386504e-08,1.305884476392103e-08,3.03974411146579e-08,-1.0935427176134942e-08,1.305884476392103e-08,-327.6519915830651,-157.77419803264712,191.8248372482692,1.03e-09,4.111511806361729e-09,5.606958965698401e-21,5
-1.728790788011727e-07,3.7486830843538575e-08,1.4977093136403723e-08,2.7120921198827253e-08,-1.2513169156461413e-08,1.4977093136403723e-08,-327.6519915830651,-157.77419803264712,191.8248372482692,1.04e-09,4.111511806361729e-09,5.606958965698401e-21,5
-1.7615559871700333e-07,3.5909088863212106e-08,1.6895341508886416e-08,2.3844401282996603e-08,-1.4090911136787885e-08,1.6895341508886416e-08,-327.6519915830651,-157.77419803264712,191.8248372482692,1.0499999999999999e-09,4.111511806361729e-09,5.606958965698401e-21,5
-1.7943211863283398e-07,3.433134688288564e-08,1.881358988136911e-08,2.0567881367165954e-08,-1.5668653117114357e-08,1.881358988136911e-08,-327.6519915830651,-157.77419803264712,191.8248372482692,1.0599999999999999e-09,4.111511806361729e-09,5.606958965698401e-21,5
-1.8270863854866462e-07,3.275360490255917e-08,2.0731838253851802e-08,1.7291361451335304e-08,-1.724639509744083e-08,2.0731838253851802e-08,-327.6519915830651,-157.77419803264712,191.8248372482692,1.07e-09,4.111511806361729e-09,5.606958965698401e-21,5
-1.8598515846449526e-07,3.11758629222327e-08,2.2650086626334495e-08,1.4014841535504652e-08,-1.88241370777673e-08,2.2650086626334495e-08,-327.6519915830651,-157.77419803264712,191.8248372482692,1.08e-09,4.111511806361729e-09,5.606958965698401e-21,5
-1.892616783803259e-07,2.959812094190623e-08,2.4568334998817188e-08,1.0738321619674001e-08,-2.0401879058093772e-08,2.4568334998817188e-08,-327.6519915830651,-157.77419803264712,191.8248372482692,1.09e-09,4.111511806361729e-09,5.606958965698401e-21,5
-1.9253819829615655e-07,2.8020378961579757e-08,2.648658337129988e-08,7.46180170384335e-09,-2.1979621038420244e-08,2.648658337129988e-08,-327.6519915830651,-157.77419803264712,191.8248372482692,1.1e-09,4.111511806361729e-09,5.606958965698401e-21,5
-1.958147182119872e-07,2.6442636981253286e-08,2.8404831743782573e-08,4.185281788012698e-09,-2.3557363018746716e-08,2.8404831743782573e-08,-327.6519915830651,-157.77419803264712,191.8248372482692,1.1099999999999999e-09,4.111511806361729e-09,5.606958965698401e-21,5
-1.9909123812781784e-07,2.4864895000926814e-08,3.032308011626526e-08,9.087618721820474e-10,-2.5135104999073187e-08,3.032308011626526e-08,-327.6519915830651,-157.77419803264712,191.8248372482692,1.1199999999999999e-09,4.111511806361729e-09,5.606958965698401e-21,5
-2.0236775804364848e-07,2.3287153020600342e-08,3.224132848874795e-08,-2.3677580436486036e-09,-2.671284697939966e-08,3.224132848874795e-08,-327.6519915830651,-157.77419803264712,191.8248372482692,1.13e-09,4.111511806361729e-09,5.606958965698401e-21,5
-2.0564427795947912e-07,2.170941104027387e-08,3.415957686123064e-08,-5.644277959479254e-09,-2.829058895972613e-08,3.415957686123064e-08,-327.6519915830651,-157.77419803264712,191.8248372482692,1.14e-09,4.111511806361729e-09,5.606958965698401e-21,5
-2.0892079787530977e-07,2.01316690599474e-08,3.607782523371333e-08,-8.920797875309905e-09,-2.98683309400526e-08,3.607782523371333e-08,24.306860768225395,-142.72106379419486,206.41330133081817,1.15e-09,4.111511806361729e-09,5.606958965698401e-21,6
-2.086777292676275e-07,1.870445842200545e-08,3.8141958247021514e-08,-8.677729267627651e-09,-3.129554157799455e-08,3.8141958247021514e-08,24.306860768225395,-142.72106379419486,206.41330133081817,1.16e-09,2.521241291452281e-09,2.108400529651055e-21,6
-2.0843466065994524e-07,1.72772477840635e-08,4.0206091260329695e-08,-8.434660659945397e-09,-3.27227522159365e-08,4.0206091260329695e-08,24.306860768225395,-142.72106379419486,206.41330133081817,1.1699999999999999e-09,2.521241291452281e-09,2.108400529651055e-21,6
-2.0819159205226298e-07,1.5850037146121553e-08,4.227022427363788e-08,-8.191592052263143e-09,-3.414996285387845e-08,4.227022427363788e-08,24.306860768225395,-142.72106379419486,206.41330133081817,1.1799999999999999e-09,2.521241291452281e-09,2.108400529651055e-21,6
-2.0794852344458072e-07,1.4422826508179604e-08,4.433435728694606e-08,-7.948523444580888e-09,-3.55771734918204e-08,4.433435728694606e-08,24.306860768225395,-142.72106379419486,206.41330133081817,1.19e-09,2.521241291452281e-09,2.108400529651055e-21,6
-2.0770545483689846e-07,1.2995615870237655e-08,4.639849030025424e-08,-7.705454836898634e-09,-3.7004384129762346e-08,4.639849030025424e-08,24.306860768225395,-142.72106379419486,206.41330133081817,1.2e-09,2.521241291452281e-09,2.108400529651055e-21,6
-2.074623862292162e-07,1.1568405232295707e-08,4.846262331356242e-08,-7.46238622921638e-09,-3.8431594767704294e-08,4.846262331356242e-08,24.306860768225395,-142.72106379419486,206.41330133081817,1.21e-09,2.521241291452281e-09,2.108400529651055e-21,6
-2.0721931762153394e-07,1.0141194594353758e-08,5.0526756326870605e-08,-7.2193176215341256e-09,-3.985880540564624e-08,5.0526756326870605e-08,24.306860768225395,-142.72106379419486,206.41330133081817,1.22e-09,2.521241291452281e-09,2.108400529651055e-21,6
-2.0697624901385168e-07,8.71398395641181e-09,5.2590889340178787e-08,-6.976249013851871e-09,-4.128601604358819e-08,2.5908893401787884e-09,24.306860768225395,-142.72106379419486,206.41330133081817,1.2299999999999999e-09,2.521241291452281e-09,2.108400529651055e-21,6
-2.0673318040616942e-07,7.286773318469861e-09,5.465502235348697e-08,-6.733180406169617e-09,-4.271322668153014e-08,4.65502235348697e-09,24.306860768225395,-142.72106379419486,206.41330133081817,1.2399999999999999e-09,2.521241291452281e-09,2.108400529651055e-21,6
-2.0649011179848716e-07,5.859562680527912e-09,5.671915536679515e-08,-6.490111798487363e-09,-4.414043731947209e-08,6.719155366795151e-09,24.306860768225395,-142.72106379419486,206.41330133081817,1.25e-09,2.521241291452281e-09,2.108400529651055e-21,6
-2.062470431908049e-07,4.432352042585964e-09,5.878328838010333e-08,-6.2470431908051084e-09,-4.556764795741404e-08,8.783288380103333e-09,24.306860768225395,-142.72106379419486,206.41330133081817,1.26e-09,2.521241291452281e-09,2.108400529651055e-21,6
-2.0600397458312264e-07,3.005141404644015e-09,6.084742139341151e-08,-6.003974583122854e-09,-4.6994858595355986e-08,1.0847421393411514e-08,24.306860768225395,-142.72106379419486,206.41330133081817,1.27e-09,2.521241291452281e-09,2.108400529651055e-21,6
-2.0576090597544037e-07,1.5779307667020665e-09,6.291155440671969e-08,-5.7609059754406e-09,-4.8422069233297935e-08,1.2911554406719696e-08,24.306860768225395,-142.72106379419486,206.41330133081817,1.28e-09,2.521241291452281e-09,2.108400529651055e-21,6
-2.055178373677581e-07,1.5072012876011792e-10,6.497568742002786e-08,-5.517837367758346e-09,-4.984927987123988e-08,1.4975687420027876e-08,24.306860768225395,-142.72106379419486,206.41330133081817,1.2899999999999999e-09,2.521241291452281e-09,2.108400529651055e-21,6
-2.0527476876007585e-07,-1.2764905091818307e-09,6.703982043333604e-08,-5.274768760076091e-09,-5.127649050918183e-08,1.7039820433336058e-08,24.306860768225395,-142.72106379419486,206.41330133081817,1.2999999999999999e-09,2.521241291452281e-09,2.108400529651055e-21,6
-2.050317001523936e-07,-2.7037011471237793e-09,6.910395344664421e-08,-5.031700152393837e-09,4.7296298852876215e-08,1.910395344664424e-08,24.306860768225395,-142.72106379419486,206.41330133081817,1.3099999999999998e-09,2.521241291452281e-09,2.108400529651055e-21,6
-2.0478863154471133e-07,-4.130911785065728e-09,7.116808645995239e-08,-4.788631544711583e-09,4.5869088214934267e-08,2.1168086459952422e-08,82.7695869842123,-19.998536465841195,-56.45230636612502,1.32e-09,2.521241291452281e-09,2.108400529651055e-21,7
-2.039609356748692e-07,-4.33089714972414e-09,7.060356339629115e-08,-3.96093567486946e-09,4.5669102850275856e-08,2.060356339629117e-08,82.7695869842123,-19.998536465841195,-56.45230636612502,1.33e-09,1.021646165967822e-09,3.4619860487604877e-22,7
-2.0313323980502706e-07,-4.5308825143825516e-09,7.00390403326299e-08,-3.1332398050273368e-09,4.5469117485617445e-08,2.003904033262992e-08,82.7695869842123,-19.998536465841195,-56.45230636612502,1.34e-09,1.021646165967822e-09,3.4619860487604877e-22,7
-2.0230554393518493e-07,-4.730867879040963e-09,6.947451726896866e-08,-2.3055439351852137e-09,4.5269132120959034e-08,1.9474517268968667e-08,82.7695869842123,-19.998536465841195,-56.45230636612502,1.3499999999999999e-09,1.021646165967822e-09,3.4619860487604877e-22,7
-2.014778480653428e-07,-4.930853243699375e-09,6.890999420530741e-08,-1.4778480653430907e-09,4.506914675630062e-08,1.8909994205307416e-08,82.7695869842123,-19.998536465841195,-56.45230636612502,1.3599999999999999e-09,1.021646165967822e-09,3.4619860487604877e-22,7
-2.0065015219550067e-07,-5.130838608357787e-09,6.834547114164617e-08,-6.501521955009678e-10,4.486916139164221e-08,1.8345471141646164e-08,82.7695869842123,-19.998536465841195,-56.45230636612502,1.3699999999999998e-09,1.021646165967822e-09,3.4619860487604877e-22,7
-1.9982245632565853e-07,-5.330823973016199e-09,6.778094807798492e-08,1.775436743411551e-10,4.46691760269838e-08,1.7780948077984913e-08,82.7695869842123,-19.998536465841195,-56.45230636612502,1.38e-09,1.021646165967822e-09,3.4619860487604877e-22,7
-1.989947604558164e-07,-5.530809337674611e-09,6.721642501432368e-08,1.005239544183278e-09,4.446919066232539e-08,1.721642501432366e-08,82.7695869842123,-19.998536465841195,-56.45230636612502,1.39e-09,1.021646165967822e-09,3.4619860487604877e-22,7
-1.9816706458597427e-07,-5.7307947023330225e-09,6.665190195066243e-08,1.832935414025401e-09,4.426920529766698e-08,1.665190195066241e-08,82.7695869842123,-19.998536465841195,-56.45230636612502,1.4e-09,1.021646165967822e-09,3.4619860487604877e-22,7
-1.9733936871613213e-07,-5.930780066991434e-09,6.608737888700119e-08,2.660631283867524e-09,4.406921993300857e-08,1.6087378887001158e-08,-456.17868146087307,-233.2346546495833,145.94648293660973,1.4099999999999999e-09,1.021646165967822e-09,3.4619860487604877e-22,8
-2.0190115553074087e-07,-8.263126613487268e-09,6.754684371636728e-08,-1.9011555307412066e-09,4.1736873386512735e-08,1.7546843716367254e-08,-456.17868146087307,-233.2346546495833,145.94648293660973,1.4199999999999999e-09,5.327267305387042e-09,9.413112996685406e-21,8
-2.0646294234534961e-07,-1.05954731599831e-08,6.900630854573337e-08,-6.462942345349937e-09,3.94045268400169e-08,1.9006308545733353e-08,-456.17868146087307,-233.2346546495833,145.94648293660973,1.4299999999999998e-09,5.327267305387042e-09,9.413112996685406e-21,8
-2.1102472915995836e-07,-1.2927819706478932e-08,7.046577337509946e-08,-1.1024729159958667e-08,3.707218029352107e-08,2.046577337509945e-08,-456.17868146087307,-233.2346546495833,145.94648293660973,1.44e-09,5.327267305387042e-09,9.413112996685406e-21,8
-2.155865159745671e-07,-1.5260166252974766e-08,7.192523820446555e-08,-1.5586515974567396e-08,3.473983374702524e-08,2.192523820446555e-08,-456.17868146087307,-233.2346546495833,145.94648293660973,1.45e-09,5.327267305387042e-09,9.413112996685406e-21,8
-2.2014830278917584e-07,-1.75925127994706e-08,7.338470303383165e-08,-2.0148302789176127e-08,3.2407487200529406e-08,2.338470303383165e-08,-456.17868146087307,-233.2346546495833,145.94648293660973,1.46e-09,5.327267305387042e-09,9.413112996685406e-21,8
-2.2471008960378458e-07,-1.992485934596643e-08,7.484416786319774e-08,-2.4710089603784857e-08,3.007514065403357e-08,2.4844167863197748e-08,-456.17868146087307,-233.2346546495833,145.94648293660973,1.4699999999999999e-09,5.327267305387042e-09,9.413112996685406e-21,8
-2.2927187641839332e-07,-2.2257205892462264e-08,7.630363269256383e-08,-2.9271876418393588e-08,2.774279410753774e-08,2.6303632692563847e-08,-456.17868146087307,-233.2346546495833,145.94648293660973,1.4799999999999999e-09,5.327267305387042e-09,9.413112996685406e-21,8
-2.3383366323300206e-07,-2.4589552438958096e-08,7.776309752192992e-08,-3.383366323300232e-08,2.541044756104191e-08,2.7763097521929946e-08,-456.17868146087307,-233.2346546495833,145.94648293660973,1.4899999999999998e-09,5.327267305387042e-09,9.413112996685406e-21,8
-2.383954500476108e-07,-2.692189898545393e-08,7.922256235129602e-08,-3.8395450047611046e-08,2.3078101014546076e-08,2.9222562351296045e-08,-456.17868146087307,-233.2346546495833,145.94648293660973,1.5e-09,5.327267305387042e-09,9.413112996685406e-21,8
-2.4295723686221954e-07,-2.925424553194976e-08,8.068202718066211e-08,-4.295723686221977e-08,2.0745754468050244e-08,3.0682027180662144e-08,-456.17868146087307,-233.2346546495833,145.94648293660973,1.51e-09,5.327267305387042e-09,9.413112996685406e-21,8
-2.475190236768283e-07,-3.158659207844559e-08,8.21414920100282e-08,-4.75190236768285e-08,1.841340792155441e-08,3.214149201002824e-08,-456.17868146087307,-233.2346546495833,145.94648293660973,1.52e-09,5.327267305387042e-09,9.413112996685406e-21,8
-2.52080810491437e-07,-3.3918938624941426e-08,8.360095683939429e-08,-5.208081049143723e-08,1.608106137505858e-08,3.360095683939434e-08,-456.17868146087307,-233.2346546495833,145.94648293660973,1.5299999999999999e-09,5.327267305387042e-09,9.413112996685406e-21,8
-2.5664259730604576e-07,-3.625128517143726e-08,8.506042166876039e-08,4.335740269395404e-08,1.3748714828562746e-08,3.506042166876044e-08,-35.33110658241362,40.60576860722609,-293.71616253931006,1.5399999999999999e-09,5.327267305387042e-09,9.413112996685406e-21,10
-2.569959083718699e-07,-3.5845227485365e-08,8.212326004336728e-08,4.3004091628129906e-08,1.4154772514635007e-08,3.212326004336734e-08,-35.33110658241362,40.60576860722609,-293.71616253931006,1.5499999999999998e-09,2.986072666117485e-09,2.957501942336916e-21,10
-2.57349219437694e-07,-3.5439169799292736e-08,7.918609841797418e-08,4.265078056230577e-08,1.4560830200707269e-08,2.9186098417974237e-08,-35.33110658241362,40.60576860722609,-293.71616253931006,1.56e-09,2.986072666117485e-09,2.957501942336916e-21,10
-2.577025305035181e-07,-3.5033112113220475e-08,7.624893679258108e-08,4.229746949648164e-08,1.496688788677953e-08,2.6248936792581135e-08,-35.33110658241362,40.60576860722609,-293.71616253931006,1.57e-09,2.986072666117485e-09,2.957501942336916e-21,10
-2.580558415693422e-07,-3.4627054427148214e-08,7.331177516718798e-08,4.19441584306575e-08,1.537294557285179e-08,2.3311775167188033e-08,-35.33110658241362,40.60576860722609,-293.71616253931006,1.58e-09,2.986072666117485e-09,2.957501942336916e-21,10
-2.5840915263516633e-07,-3.422099674107595e-08,7.037461354179488e-08,4.159084736483337e-08,1.5779003258924052e-08,2.037461354179493e-08,-35.33110658241362,40.60576860722609,-293.71616253931006,1.5899999999999999e-09,2.986072666117485e-09,2.957501942336916e-21,10
-2.5876246370099045e-07,-3.381493905500369e-08,6.743745191640177e-08,4.1237536299009234e-08,1.6185060944996313e-08,1.743745191640183e-08,-35.33110658241362,40.60576860722609,-293.71616253931006,1.5999999999999999e-09,2.986072666117485e-09,2.957501942336916e-21,10
-2.5911577476681456e-07,-3.340888136893143e-08,6.450029029100867e-08,4.08842252331851e-08,1.6591118631068574e-08,1.450029029100873e-08,-35.33110658241362,40.60576860722609,-293.71616253931006,1.6099999999999998e-09,2.986072666117485e-09,2.957501942336916e-21,10
-2.594690858326387e-07,-3.300282368285917e-08,6.156312866561557e-08,4.0530914167360965e-08,1.6997176317140835e-08,1.156312866561563e-08,-35.33110658241362,40.60576860722609,-293.71616253931006,1.62e-09,2.986072666117485e-09,2.957501942336916e-21,10
-2.598223968984628e-07,-3.259676599678691e-08,5.862596704022247e-08,4.017760310153683e-08,1.7403234003213096e-08,8.625967040222529e-09,-35.33110658241362,40.60576860722609,-293.71616253931006,1.63e-09,2.986072666117485e-09,2.957501942336916e-21,10
-2.601757079642869e-07,-3.219070831071465e-08,5.568880541482937e-08,3.9824292035712696e-08,1.7809291689285357e-08,5.688805414829429e-09,-35.33110658241362,40.60576860722609,-293.71616253931006,1.64e-09,2.986072666117485e-09,2.957501942336916e-21,10
-2.60529019030111e-07,-3.1784650624642386e-08,5.2751643789436265e-08,3.947098096988856e-08,1.8215349375357618e-08,2.7516437894363285e-09,-35.33110658241362,40.60576860722609,-293.71616253931006,1.6499999999999999e-09,2.986072666117485e-09,2.957501942336916e-21,10
-2.6088233009593514e-07,-3.1378592938570125e-08,4.9814482164043164e-08,3.911766990406443e-08,1.862140706142988e-08,-1.8551783595677207e-10,-35.33110658241362,40.60576860722609,-293.71616253931006,1.6599999999999999e-09,2.986072666117485e-09,2.957501942336916e-21,10
-2.6123564116175925e-07,-3.0972535252497864e-08,4.687732053865006e-08,3.876435883824029e-08,1.902746474750214e-08,-3.1226794613498726e-09,-35.33110658241362,40.60576860722609,-293.71616253931006,1.6699999999999998e-09,2.986072666117485e-09,2.957501942336916e-21,10
-2.6158895222758337e-07,-3.05664775664256e-08,4.394015891325696e-08,3.841104777241616e-08,1.94335224335744e-08,-6.059841086742973e-09,-35.33110658241362,40.60576860722609,-293.71616253931006,1.68e-09,2.986072666117485e-09,2.957501942336916e-21,10
-2.619422632934075e-07,-3.016041988035334e-08,4.100299728786386e-08,3.8057736706592023e-08,1.9839580119646662e-08,-8.997002712136073e-09,-35.33110658241362,40.60576860722609,-293.71616253931006,1.69e-09,2.986072666117485e-09,2.957501942336916e-21,10
-2.622955743592316e-07,-2.975436219428108e-08,3.8065835662470756e-08,3.770442564076789e-08,2.0245637805718923e-08,-1.1934164337529173e-08,-35.33110658241362,40.60576860722609,-293.71616253931006,1.7e-09,2.986072666117485e-09,2.957501942336916e-21,10
-2.626488854250557e-07,-2.934830450820882e-08,3.5128674037077655e-08,3.7351114574943754e-08,2.0651695491791184e-08,-1.4871325962922274e-08,-35.33110658241362,40.60576860722609,-293.71616253931006,1.7099999999999999e-09,2.986072666117485e-09,2.957501942336916e-21,10
-2.630021964908798e-07,-2.894224682213656e-08,3.219151241168455e-08,3.699780350911962e-08,2.1057753177863446e-08,-1.7808487588315375e-08,-35.33110658241362,40.60576860722609,-293.71616253931006,1.7199999999999999e-09,2.986072666117485e-09,2.957501942336916e-21,10
-2.6335550755670394e-07,-2.8536189136064298e-08,2.925435078629145e-08,3.6644492443295485e-08,2.1463810863935707e-08,-2.0745649213708477e-08,-35.33110658241362,40.60576860722609,-293.71616253931006,1.7299999999999998e-09,2.986072666117485e-09,2.957501942336916e-21,10
-2.6370881862252805e-07,-2.8130131449992037e-08,2.631718916089835e-08,3.629118137747135e-08,2.1869868550007968e-08,-2.368281083910158e-08,-35.33110658241362,40.60576860722609,-293.71616253931006,1.74e-09,2.986072666117485e-09,2.957501942336916e-21,10
-2.6406212968835217e-07,-2.7724073763919776e-08,2.3380027535505248e-08,3.5937870311647216e-08,2.227592623608023e-08,-2.661997246449468e-08,-35.33110658241362,40.60576860722609,-293.71616253931006,1.75e-09,2.986072666117485e-09,2.957501942336916e-21,10
-2.644154407541763e-07,-2.7318016077847515e-08,2.0442865910112146e-08,3.558455924582308e-08,2.268198392215249e-08,-2.9557134089887782e-08,-35.33110658241362,40.60576860722609,-293.71616253931006,1.76e-09,2.986072666117485e-09,2.957501942336916e-21,10
-2.647687518200004e-07,-2.6911958391775254e-08,1.7505704284719044e-08,3.523124817999895e-08,2.308804160822475e-08,-3.249429571528088e-08,-35.33110658241362,40.60576860722609,-293.71616253931006,1.7699999999999999e-09,2.986072666117485e-09,2.957501942336916e-21,10
-2.651220628858245e-07,-2.6505900705702992e-08,1.4568542659325944e-08,3.487793711417481e-08,2.3494099294297012e-08,-3.543145734067398e-08,-35.33110658241362,40.60576860722609,-293.71616253931006,1.7799999999999999e-09,2.986072666117485e-09,2.957501942336916e-21,10
-2.654753739516486e-07,-2.609984301963073e-08,1.1631381033932844e-08,3.452462604835068e-08,2.3900156980369273e-08,-3.8368618966067085e-08,-35.33110658241362,40.60576860722609,-293.71616253931006,1.7899999999999998e-09,2.986072666117485e-09,2.957501942336916e-21,10
-2.6582868501747274e-07,-2.569378533355847e-08,8.694219408539744e-09,3.4171314982526544e-08,2.4306214666441534e-08,-4.1305780591460186e-08,-35.33110658241362,40.60576860722609,-293.71616253931006,1.8e-09,2.986072666117485e-09,2.957501942336916e-21,10
-2.6618199608329686e-07,-2.528772764748621e-08,5.7570577831466434e-09,3.381800391670241e-08,2.4712272352513795e-08,-4.424294221685329e-08,-35.33110658241362,40.60576860722609,-293.71616253931006,1.81e-09,2.986072666117485e-09,2.957501942336916e-21,10
-2.6653530714912097e-07,-2.4881669961413948e-08,2.819896157753543e-09,3.3464692850878275e-08,2.5118330038586056e-08,-4.718010384224639e-08,-35.33110658241362,40.60576860722609,-293.71616253931006,1.82e-09,2.986072666117485e-09,2.957501942336916e-21,10
-2.668886182149451e-07,-2.4475612275341687e-08,-1.1726546763955764e-10,3.311138178505414e-08,2.5524387724658317e-08,-5.011726546763949e-08,-35.33110658241362,40.60576860722609,-293.71616253931006,1.8299999999999999e-09,2.986072666117485e-09,2.957501942336916e-21,10
-2.672419292807692e-07,-2.4069554589269426e-08,-3.054427093032658e-09,3.2758070719230006e-08,2.5930445410730578e-08,4.69455729069674e-08,-35.33110658241362,40.60576860722609,-293.71616253931006,1.8399999999999998e-09,2.986072666117485e-09,2.957501942336916e-21,10
-2.675952403465933e-07,-2.3663496903197165e-08,-5.991588718425759e-09,3.240475965340587e-08,2.633650309680284e-08,4.40084112815743e-08,6.041028627937041,93.69218055463132,-94.75620341827808,1.8499999999999998e-09,2.986072666117485e-09,2.957501942336916e-21,11
-2.6753483006031395e-07,-2.272657509765085e-08,-6.93915075260854e-09,3.246516993968524e-08,2.7273424902349153e-08,4.306084924739152e-08,6.041028627937041,93.69218055463132,-94.75620341827808,1.86e-09,1.3339211674687257e-09,5.901801832068419e-22,11
-2.674744197740346e-07,-2.1789653292104537e-08,-7.886712786791321e-09,3.252558022596461e-08,2.8210346707895468e-08,4.2113287213208744e-08,6.041028627937041,93.69218055463132,-94.75620341827808,1.87e-09,1.3339211674687257e-09,5.901801832068419e-22,11
-2.674140094877552e-07,-2.0852731486558223e-08,-8.834274820974102e-09,3.258599051224398e-08,2.9147268513441782e-08,4.1165725179025967e-08,6.041028627937041,93.69218055463132,-94.75620341827808,1.8799999999999997e-09,1.3339211674687257e-09,5.901801832068419e-22,11
-2.6735359920147584e-07,-1.991580968101191e-08,-9.781836855156883e-09,3.2646400798523346e-08,3.0084190318988096e-08,4.021816314484319e-08,6.041028627937041,93.69218055463132,-94.75620341827808,1.89e-09,1.3339211674687257e-09,5.901801832068419e-22,11
-2.6729318891519647e-07,-1.8978887875465594e-08,-1.0729398889339665e-08,3.2706811084802714e-08,3.102111212453441e-08,3.927060111066041e-08,-116.13238665088737,52.87871028993129,104.5449562065632,1.9e-09,1.3339211674687257e-09,5.901801832068419e-22,12
-2.6845451278170533e-07,-1.8450100772566282e-08,-9.683949327274032e-09,3.154548721829384e-08,3.1549899227433725e-08,4.0316050672726045e-08,-116.13238665088737,52.87871028993129,104.5449562065632,1.91e-09,1.6496222931140906e-09,9.025958419515344e-22,12
-2.696158366482142e-07,-1.792131366966697e-08,-8.6384997652084e-09,3.0384163351784964e-08,3.207868633033304e-08,4.136150023479168e-08,-116.13238665088737,52.87871028993129,104.5449562065632,1.92e-09,1.6496222931140906e-09,9.025958419515344e-22,12
-2.7077716051472304e-07,-1.739252656676766e-08,-7.593050203142767e-09,2.922283948527609e-08,3.2607473433232356e-08,4.2406949796857314e-08,-116.13238665088737,52.87871028993129,104.5449562065632,1.9299999999999997e-09,1.6496222931140906e-09,9.025958419515344e-22,12
-2.719384843812319e-07,-1.6863739463868347e-08,-6.547600641077135e-09,2.8061515618767214e-08,3.313626053613167e-08,4.345239935892295e-08,-116.13238665088737,52.87871028993129,104.5449562065632,1.94e-09,1.6496222931140906e-09,9.025958419515344e-22,12
-2.7309980824774075e-07,-1.6334952360969035e-08,-5.502151079011503e-09,2.690019175225834e-08,3.3665047639030986e-08,4.449784892098858e-08,-116.13238665088737,52.87871028993129,104.5449562065632,1.9499999999999997e-09,1.6496222931140906e-09,9.025958419515344e-22,12
-2.742611321142496e-07,-1.5806165258069723e-08,-4.456701516945872e-09,2.5738867885749464e-08,3.41938347419303e-08,4.5543298483054216e-08,-116.13238665088737,52.87871028993129,104.5449562065632,1.96e-09,1.6496222931140906e-09,9.025958419515344e-22,12
-2.7542245598075846e-07,-1.527737815517041e-08,-3.41125195488024e-09,2.457754401924059e-08,3.472262184482962e-08,4.658874804511985e-08,-116.13238665088737,52.87871028993129,104.5449562065632,1.97e-09,1.6496222931140906e-09,9.025958419515344e-22,12
-2.765837798472673e-07,-1.4748591052271097e-08,-2.365802392814608e-09,2.3416220152731714e-08,3.525140894772893e-08,4.7634197607185485e-08,-116.13238665088737,52.87871028993129,104.5449562065632,1.9799999999999998e-09,1.6496222931140906e-09,9.025958419515344e-22,12
-2.7774510371377617e-07,-1.4219803949371783e-08,-1.3203528307489762e-09,2.225489628622284e-08,3.578019605062825e-08,4.867964716925112e-08,-116.13238665088737,52.87871028993129,104.5449562065632,1.99e-09,1.6496222931140906e-09,9.025958419515344e-22,12
-2.78906427580285e-07,-1.369101684647247e-08,-2.749032686833442e-10,2.1093572419713963e-08,3.630898315352756e-08,4.972509673131675e-08,-116.13238665088737,52.87871028993129,104.5449562065632,1.9999999999999997e-09,1.6496222931140906e-09,9.025958419515344e-22,12
-2.800677514467939e-07,-1.3162229743573156e-08,7.705462933822878e-10,1.993224855320509e-08,3.683777025642688e-08,5.077054629338239e-08,-116.13238665088737,52.87871028993129,104.5449562065632,2.01e-09,1.6496222931140906e-09,9.025958419515344e-22,12
-2.8122907531330273e-07,-1.2633442640673842e-08,1.8159958554479197e-09,1.8770924686696213e-08,3.7366557359326193e-08,1.8159958554480217e-09,-116.13238665088737,52.87871028993129,104.5449562065632,2.02e-09,1.6496222931140906e-09,9.025958419515344e-22,12
-2.823903991798116e-07,-1.2104655537774529e-08,2.8614454175135515e-09,1.7609600820187338e-08,3.789534446222551e-08,2.8614454175136536e-09,-116.13238665088737,52.87871028993129,104.5449562065632,2.03e-09,1.6496222931140906e-09,9.025958419515344e-22,12
-2.8355172304632044e-07,-1.1575868434875215e-08,3.906894979579183e-09,1.6448276953678463e-08,3.8424131565124824e-08,3.906894979579286e-09,-116.13238665088737,52.87871028993129,104.5449562065632,2.04e-09,1.6496222931140906e-09,9.025958419515344e-22,12
-2.847130469128293e-07,-1.1047081331975901e-08,4.952344541644815e-09,1.5286953087169588e-08,3.895291866802414e-08,4.9523445416449176e-09,-116.13238665088737,52.87871028993129,104.5449562065632,2.0499999999999997e-09,1.6496222931140906e-09,9.025958419515344e-22,12
-2.8587437077933816e-07,-1.0518294229076588e-08,5.997794103710447e-09,1.4125629220660715e-08,3.9481705770923455e-08,5.997794103710549e-09,224.3122003353534,-107.88062726611447,-34.13858881880291,2.06e-09,1.6496222931140906e-09,9.025958419515344e-22,13
-2.836312487759846e-07,-1.1597100501737733e-08,5.656408215522418e-09,1.636875122401425e-08,3.840289949826231e-08,5.65640821552252e-09,224.3122003353534,-107.88062726611447,-34.13858881880291,2.0699999999999997e-09,2.512362159505618e-09,2.093576243045189e-21,13
-2.8138812677263104e-07,-1.2675906774398878e-08,5.315022327334389e-09,1.8611873227367784e-08,3.732409322560116e-08,5.3150223273344915e-09,224.3122003353534,-107.88062726611447,-34.13858881880291,2.08e-09,2.512362159505618e-09,2.093576243045189e-21,13
-2.791450047692775e-07,-1.3754713047060023e-08,4.97363643914636e-09,2.0854995230721318e-08,3.6245286952940014e-08,4.9736364391464626e-09,224.3122003353534,-107.88062726611447,-34.13858881880291,2.09e-09,2.512362159505618e-09,2.093576243045189e-21,13
-2.7690188276592393e-07,-1.4833519319721168e-08,4.632250550958331e-09,2.3098117234074852e-08,3.516648068027887e-08,4.632250550958434e-09,224.3122003353534,-107.88062726611447,-34.13858881880291,2.0999999999999998e-09,2.512362159505618e-09,2.093576243045189e-21,13
-2.7465876076257037e-07,-1.5912325592382313e-08,4.290864662770302e-09,2.5341239237428386e-08,3.408767440761772e-08,4.290864662770405e-09,224.3122003353534,-107.88062726611447,-34.13858881880291,2.11e-09,2.512362159505618e-09,2.093576243045189e-21,13
-2.724156387592168e-07,-1.6991131865043457e-08,3.949478774582273e-09,2.758436124078192e-08,3.3008868134956574e-08,3.949478774582376e-09,224.3122003353534,-107.88062726611447,-34.13858881880291,2.1199999999999997e-09,2.512362159505618e-09,2.093576243045189e-21,13
-2.7017251675586326e-07,-1.80699381377046e-08,3.6080928863942444e-09,2.9827483244135454e-08,3.193006186229543e-08,3.608092886394347e-09,224.3122003353534,-107.88062726611447,-34.13858881880291,2.13e-09,2.512362159505618e-09,2.093576243045189e-21,13
-2.679293947525097e-07,-1.9148744410365744e-08,3.2667069982062155e-09,3.207060524748899e-08,3.085125558963428e-08,3.266706998206318e-09,224.3122003353534,-107.88062726611447,-34.13858881880291,2.14e-09,2.512362159505618e-09,2.093576243045189e-21,13
-2.6568627274915614e-07,-2.0227550683026887e-08,2.9253211100181866e-09,3.431372725084252e-08,2.9772449316973137e-08,2.925321110018289e-09,224.3122003353534,-107.88062726611447,-34.13858881880291,2.15e-09,2.512362159505618e-09,2.093576243045189e-21,13
-2.634431507458026e-07,-2.130635695568803e-08,2.5839352218301577e-09,3.655684925419605e-08,2.8693643044311993e-08,2.5839352218302602e-09,224.3122003353534,-107.88062726611447,-34.13858881880291,2.16e-09,2.512362159505618e-09,2.093576243045189e-21,13
-2.6120002874244903e-07,-2.2385163228349174e-08,2.2425493336421288e-09,3.879997125754958e-08,2.761483677165085e-08,2.2425493336422313e-09,-194.73593703028035,-272.82995486495213,-85.45128324928555,2.1699999999999997e-09,2.512362159505618e-09,2.093576243045189e-21,14
-2.631473881127518e-07,-2.5113462776998694e-08,1.3880365011492734e-09,3.685261188724678e-08,2.488653722300133e-08,1.388036501149376e-09,-194.73593703028035,-272.82995486495213,-85.45128324928555,2.18e-09,3.4591934211839435e-09,3.9689350050812245e-21,14
-2.650947474830546e-07,-2.7841762325648215e-08,5.335236686564179e-10,3.490525251694398e-08,2.215823767435181e-08,5.335236686565205e-10,-194.73593703028035,-272.82995486495213,-85.45128324928555,2.1899999999999997e-09,3.4591934211839435e-09,3.9689350050812245e-21,14
-2.670421068533574e-07,-3.057006187429774e-08,-3.2098916383643755e-10,3.2957893146641175e-08,1.942993812570229e-08,-3.20989163836335e-10,-194.73593703028035,-272.82995486495213,-85.45128324928555,2.2e-09,3.4591934211839435e-09,3.9689350050812245e-21,14
-2.6898946622366016e-07,-3.329836142294726e-08,-1.1755019963292931e-09,3.101053377633837e-08,1.670163857705277e-08,-1.1755019963291905e-09,-194.73593703028035,-272.82995486495213,-85.45128324928555,2.21e-09,3.4591934211839435e-09,3.9689350050812245e-21,14
-2.7093682559396294e-07,-3.602666097159678e-08,-2.0300148288221485e-09,2.906317440603557e-08,1.3973339028403249e-08,-2.030014828822046e-09,-194.73593703028035,-272.82995486495213,-85.45128324928555,2.2199999999999998e-09,3.4591934211839435e-09,3.9689350050812245e-21,14
-2.728841849642657e-07,-3.87549605202463e-08,-2.884527661315004e-09,2.7115815035732766e-08,1.1245039479753729e-08,-2.8845276613149013e-09,-194.73593703028035,-272.82995486495213,-85.45128324928555,2.23e-09,3.4591934211839435e-09,3.9689350050812245e-21,14
-2.748315443345685e-07,-4.148326006889582e-08,-3.739040493807859e-09,2.5168455665429964e-08,8.516739931104209e-09,-3.739040493807757e-09,-194.73593703028035,-272.82995486495213,-85.45128324928555,2.2399999999999997e-09,3.4591934211839435e-09,3.9689350050812245e-21,14
-2.767789037048713e-07,-4.421155961754534e-08,-4.593553326300715e-09,2.322109629512716e-08,5.788440382454688e-09,-4.5935533263006124e-09,-194.73593703028035,-272.82995486495213,-85.45128324928555,2.25e-09,3.4591934211839435e-09,3.9689350050812245e-21,14
-2.7872626307517407e-07,-4.693985916619486e-08,-5.448066158793571e-09,2.1273736924824358e-08,3.060140833805167e-09,-5.448066158793468e-09,-194.73593703028035,-272.82995486495213,-85.45128324928555,2.26e-09,3.4591934211839435e-09,3.9689350050812245e-21,14
-2.8067362244547686e-07,-4.966815871484438e-08,-6.3025789912864265e-09,1.9326377554521555e-08,3.318412851556458e-10,-6.302578991286324e-09,-194.73593703028035,-272.82995486495213,-85.45128324928555,2.27e-09,3.4591934211839435e-09,3.9689350050812245e-21,14
-2.8262098181577964e-07,-5.23964582634939e-08,-7.157091823779282e-09,1.7379018184218753e-08,-2.396458263493875e-09,-7.15709182377918e-09,-194.73593703028035,-272.82995486495213,-85.45128324928555,2.28e-09,3.4591934211839435e-09,3.9689350050812245e-21,14
-2.845683411860824e-07,-5.512475781214342e-08,-8.011604656272138e-09,1.543165881391595e-08,-5.124757812143396e-09,-8.011604656272036e-09,-194.73593703028035,-272.82995486495213,-85.45128324928555,2.2899999999999997e-09,3.4591934211839435e-09,3.9689350050812245e-21,14
-2.865157005563852e-07,-5.785305736079294e-08,-8.866117488764994e-09,1.3484299443613147e-08,-7.853057360792917e-09,-8.866117488764891e-09,310.74776320596436,-383.6621961001905,-1.2024501139276331,2.3e-09,3.4591934211839435e-09,3.9689350050812245e-21,15
-2.834082229243256e-07,-6.168967932179485e-08,-8.87814198990427e-09,1.659177707567279e-08,-1.1689679321794822e-08,-8.878141989904167e-09,310.74776320596436,-383.6621961001905,-1.2024501139276331,2.3099999999999997e-09,4.937228969170942e-09,8.085201194008149e-21,15
-2.8030074529226596e-07,-6.552630128279675e-08,-8.890166491043545e-09,1.9699254707732435e-08,-1.552630128279673e-08,-8.890166491043443e-09,310.74776320596436,-383.6621961001905,-1.2024501139276331,2.32e-09,4.937228969170942e-09,8.085201194008149e-21,15
-2.7719326766020633e-07,-6.936292324379866e-08,-8.902190992182821e-09,2.280673233979208e-08,-1.9362923243798633e-08,-8.902190992182719e-09,310.74776320596436,-383.6621961001905,-1.2024501139276331,2.33e-09,4.937228969170942e-09,8.085201194008149e-21,15
-2.740857900281467e-07,-7.319954520480056e-08,-8.914215493322097e-09,2.5914209971851722e-08,-2.3199545204800536e-08,-8.914215493321994e-09,-88.29954973330166,108.44257197911413,16.633846944714776,2.3399999999999998e-09,4.937228969170942e-09,8.085201194008149e-21,17
-2.749687855254797e-07,-7.211511948500941e-08,-8.74787702387495e-09,2.5031214474518706e-08,-2.2115119485009396e-08,-8.747877023874847e-09,-88.29954973330166,108.44257197911413,16.633846944714776,2.35e-09,1.4083070249320409e-09,6.57838043571412e-22,17
-2.7585178102281274e-07,-7.103069376521827e-08,-8.581538554427802e-09,2.414821897718569e-08,-2.1030693765218256e-08,-8.581538554427699e-09,-88.29954973330166,108.44257197911413,16.633846944714776,2.3599999999999997e-09,1.4083070249320409e-09,6.57838043571412e-22,17
-2.7673477652014576e-07,-6.994626804542712e-08,-8.415200084980654e-09,2.3265223479852673e-08,-1.9946268045427116e-08,-8.415200084980551e-09,-88.29954973330166,108.44257197911413,16.633846944714776,2.37e-09,1.4083070249320409e-09,6.57838043571412e-22,17
-2.776177720174788e-07,-6.886184232563597e-08,-8.248861615533506e-09,2.2382227982519657e-08,-1.8861842325635976e-08,-8.248861615533404e-09,-88.29954973330166,108.44257197911413,16.633846944714776,2.38e-09,1.4083070249320409e-09,6.57838043571412e-22,17
-2.785007675148118e-07,-6.777741660584483e-08,-8.082523146086358e-09,2.149923248518664e-08,-1.7777416605844836e-08,-8.082523146086256e-09,-88.29954973330166,108.44257197911413,16.633846944714776,2.39e-09,1.4083070249320409e-09,6.57838043571412e-22,17
-2.793837630121448e-07,-6.669299088605368e-08,-7.91618467663921e-09,2.0616236987853624e-08,-1.6692990886053697e-08,-7.916184676639108e-09,-50.496506241974394,-28.316138385734796,53.86538374236888,2.4e-09,1.4083070249320409e-09,6.57838043571412e-22,18
-2.7988872807456457e-07,-6.697615226991103e-08,-7.377530839215522e-09,2.011127192543388e-08,-1.6976152269911044e-08,-7.3775308392154195e-09,-50.496506241974394,-28.316138385734796,53.86538374236888,2.4099999999999997e-09,7.907705357079574e-10,2.0740788000387347e-22,18
-2.803936931369843e-07,-6.725931365376838e-08,-6.838877001791833e-09,1.9606306863014138e-08,-1.725931365376839e-08,-6.838877001791731e-09,-50.496506241974394,-28.316138385734796,53.86538374236888,2.42e-09,7.907705357079574e-10,2.0740788000387347e-22,18
-2.808986581994041e-07,-6.754247503762573e-08,-6.300223164368145e-09,1.9101341800594395e-08,-1.7542475037625738e-08,-6.300223164368042e-09,-50.496506241974394,-28.316138385734796,53.86538374236888,2.4299999999999997e-09,7.907705357079574e-10,2.0740788000387347e-22,18
-2.8140362326182385e-07,-6.782563642148308e-08,-5.761569326944456e-09,1.8596376738174652e-08,-1.7825636421483085e-08,-5.7615693269443536e-09,-50.496506241974394,-28.316138385734796,53.86538374236888,2.44e-09,7.907705357079574e-10,2.0740788000387347e-22,18
-2.819085883242436e-07,-6.810879780534043e-08,-5.2229154895207675e-09,1.809141167575491e-08,-1.8108797805340432e-08,-5.222915489520665e-09,-50.496506241974394,-28.316138385734796,53.86538374236888,2.45e-09,7.907705357079574e-10,2.0740788000387347e-22,18
-2.8241355338666336e-07,-6.839195918919778e-08,-4.684261652097079e-09,1.7586446613335167e-08,-1.839195918919778e-08,-4.684261652096976e-09,-242.9664513225421,-375.7088253333072,223.4649667900294,2.4599999999999998e-09,7.907705357079574e-10,2.0740788000387347e-22,19
-2.848432178998888e-07,-7.214904744253086e-08,-2.449611984196785e-09,1.5156782100109747e-08,-2.214904744253085e-08,-2.4496119841966825e-09,-242.9664513225421,-375.7088253333072,223.4649667900294,2.47e-09,5.001263933088031e-09,8.296288440783873e-21,19
-2.872728824131142e-07,-7.590613569586393e-08,-2.1496231629649138e-10,1.2727117586884327e-08,-2.5906135695863924e-08,-2.149623162963888e-10,-242.9664513225421,-375.7088253333072,223.4649667900294,2.4799999999999997e-09,5.001263933088031e-09,8.296288440783873e-21,19
-2.897025469263396e-07,-7.966322394919701e-08,2.0196873516038024e-09,1.0297453073658907e-08,-2.9663223949196996e-08,2.019687351603905e-09,-242.9664513225421,-375.7088253333072,223.4649667900294,2.49e-09,5.001263933088031e-09,8.296288440783873e-21,19
-2.9213221143956503e-07,-8.342031220253009e-08,4.254337019504096e-09,7.867788560433486e-09,-3.342031220253007e-08,4.254337019504199e-09,318.3371309596553,44.9964580722378,434.3594711497965,2.5e-09,5.001263933088031e-09,8.296288440783873e-21,20
-2.889488401299685e-07,-8.29703476218077e-08,8.597931731002061e-09,1.105115987003004e-08,-3.297034762180769e-08,8.597931731002164e-09,318.3371309596553,44.9964580722378,434.3594711497965,2.51e-09,5.403992601440182e-09,9.68620789092424e-21,20
-2.8576546882037197e-07,-8.252038304108532e-08,1.2941526442500026e-08,1.4234531179626592e-08,-3.2520383041085316e-08,1.2941526442500129e-08,318.3371309596553,44.9964580722378,434.3594711497965,2.52e-09,5.403992601440182e-09,9.68620789092424e-21,20
-2.8258209751077544e-07,-8.207041846036294e-08,1.728512115399799e-08,1.7417902489223145e-08,-3.207041846036294e-08,1.7285121153998095e-08,318.3371309596553,44.9964580722378,434.3594711497965,2.5299999999999997e-09,5.403992601440182e-09,9.68620789092424e-21,20
-2.793987262011789e-07,-8.162045387964055e-08,2.1628715865495956e-08,2.0601273798819698e-08,-3.162045387964056e-08,2.1628715865496062e-08,318.3371309596553,44.9964580722378,434.3594711497965,2.54e-09,5.403992601440182e-09,9.68620789092424e-21,20
-2.762153548915824e-07,-8.117048929891817e-08,2.5972310576993922e-08,2.378464510841625e-08,-3.1170489298918186e-08,2.5972310576994028e-08,318.3371309596553,44.9964580722378,434.3594711497965,2.5499999999999997e-09,5.403992601440182e-09,9.68620789092424e-21,20
-2.7303198358198585e-07,-8.072052471819579e-08,3.031590528849189e-08,2.6968016418012803e-08,-3.072052471819581e-08,3.0315905288491995e-08,119.73433980779225,240.8463604273243,273.0711883062777,2.56e-09,5.403992601440182e-09,9.68620789092424e-21,21
-2.718346401839079e-07,-7.831206111392255e-08,3.3046617171554663e-08,2.8165359816090724e-08,-2.831206111392257e-08,3.304661717155477e-08,119.73433980779225,240.8463604273243,273.0711883062777,2.57e-09,3.832899103071968e-09,4.8728054082149704e-21,21
-2.7063729678583e-07,-7.59035975096493e-08,3.577732905461744e-08,2.9362703214168645e-08,-2.5903597509649327e-08,3.5777329054617544e-08,119.73433980779225,240.8463604273243,273.0711883062777,2.5799999999999998e-09,3.832899103071968e-09,4.8728054082149704e-21,21
-2.6943995338775204e-07,-7.349513390537606e-08,3.850804093768021e-08,3.056004661224657e-08,-2.3495133905376086e-08,3.850804093768032e-08,119.73433980779225,240.8463604273243,273.0711883062777,2.59e-09,3.832899103071968e-09,4.8728054082149704e-21,21
-2.682426099896741e-07,-7.108667030110282e-08,4.123875282074299e-08,3.1757390010324494e-08,-2.1086670301102845e-08,4.123875282074309e-08,119.73433980779225,240.8463604273243,273.0711883062777,2.5999999999999997e-09,3.832899103071968e-09,4.8728054082149704e-21,21
-2.6704526659159616e-07,-6.867820669682958e-08,4.396946470380576e-08,3.295473340840242e-08,-1.8678206696829604e-08,4.396946470380587e-08,119.73433980779225,240.8463604273243,273.0711883062777,2.61e-09,3.832899103071968e-09,4.8728054082149704e-21,21
-2.6584792319351823e-07,-6.626974309255634e-08,4.6700176586868536e-08,3.415207680648034e-08,-1.6269743092556362e-08,4.670017658686864e-08,119.73433980779225,240.8463604273243,273.0711883062777,2.6199999999999996e-09,3.832899103071968e-09,4.8728054082149704e-21,21
-2.646505797954403e-07,-6.38612794882831e-08,4.943088846993131e-08,3.534942020455827e-08,-1.386127948828312e-08,4.9430888469931416e-08,-553.3608480245078,-13.059793989966304,-117.98602904131486,2.63e-09,3.832899103071968e-09,4.8728054082149704e-21,22
-2.7018418827568535e-07,-6.399187742818276e-08,4.825102817951816e-08,2.981581172431319e-08,-1.3991877428182782e-08,4.8251028179518266e-08,-553.3608480245078,-13.059793989966304,-117.98602904131486,2.64e-09,5.659500767686147e-09,1.0623816009903293e-20,22
-2.757177967559304e-07,-6.412247536808243e-08,4.707116788910501e-08,2.428220324406811e-08,-1.4122475368082445e-08,4.7071167889105115e-08,-553.3608480245078,-13.059793989966304,-117.98602904131486,2.6499999999999997e-09,5.659500767686147e-09,1.0623816009903293e-20,22
-2.8125140523617547e-07,-6.425307330798209e-08,4.589130759869186e-08,1.8748594763823032e-08,-1.4253073307982108e-08,4.5891307598691965e-08,-553.3608480245078,-13.059793989966304,-117.98602904131486,2.66e-09,5.659500767686147e-09,1.0623816009903293e-20,22
-2.867850137164205e-07,-6.438367124788176e-08,4.471144730827871e-08,1.3214986283577954e-08,-1.4383671247881771e-08,4.4711447308278815e-08,-553.3608480245078,-13.059793989966304,-117.98602904131486,2.6699999999999997e-09,5.659500767686147e-09,1.0623816009903293e-20,22
-2.923186221966656e-07,-6.451426918778142e-08,4.353158701786556e-08,7.681377803332875e-09,-1.4514269187781434e-08,4.3531587017865665e-08,-553.3608480245078,-13.059793989966304,-117.98602904131486,2.68e-09,5.659500767686147e-09,1.0623816009903293e-20,22
-2.9785223067691064e-07,-6.464486712768109e-08,4.235172672745241e-08,2.1477693230877968e-09,-1.4644867127681097e-08,4.2351726727452515e-08,-553.3608480245078,-13.059793989966304,-117.98602904131486,2.69e-09,5.659500767686147e-09,1.0623816009903293e-20,22
-3.033858391571557e-07,-6.477546506758075e-08,4.117186643703926e-08,-3.3858391571572817e-09,-1.477546506758076e-08,4.1171866437039365e-08,-553.3608480245078,-13.059793989966304,-117.98602904131486,2.6999999999999998e-09,5.659500767686147e-09,1.0623816009903293e-20,22
-3.0891944763740076e-07,-6.490606300748042e-08,3.999200614662611e-08,-8.91944763740236e-09,-1.4906063007480424e-08,3.9992006146626214e-08,-553.3608480245078,-13.059793989966304,-117.98602904131486,2.71e-09,5.659500767686147e-09,1.0623816009903293e-20,22
-3.144530561176458e-07,-6.503666094738008e-08,3.881214585621296e-08,-1.4453056117647439e-08,-1.503666094738009e-08,3.8812145856213064e-08,-553.3608480245078,-13.059793989966304,-117.98602904131486,2.7199999999999997e-09,5.659500767686147e-09,1.0623816009903293e-20,22
-3.199866645978909e-07,-6.516725888727974e-08,3.763228556579981e-08,-1.9986664597892517e-08,-1.5167258887279753e-08,3.7632285565799914e-08,-553.3608480245078,-13.059793989966304,-117.98602904131486,2.73e-09,5.659500767686147e-09,1.0623816009903293e-20,22
-3.2552027307813593e-07,-6.529785682717941e-08,3.645242527538666e-08,-2.5520273078137595e-08,-1.5297856827179418e-08,3.6452425275386764e-08,-553.3608480245078,-13.059793989966304,-117.98602904131486,2.7399999999999996e-09,5.659500767686147e-09,1.0623816009903293e-20,22
-3.31053881558381e-07,-6.542845476707907e-08,3.527256498497351e-08,-3.1053881558382674e-08,-1.5428454767079082e-08,3.5272564984973614e-08,-553.3608480245078,-13.059793989966304,-117.98602904131486,2.75e-09,5.659500767686147e-09,1.0623816009903293e-20,22
-3.3658749003862605e-07,-6.555905270697874e-08,3.409270469456036e-08,-3.658749003862775e-08,-1.5559052706978747e-08,3.4092704694560463e-08,-553.3608480245078,-13.059793989966304,-117.98602904131486,2.76e-09,5.659500767686147e-09,1.0623816009903293e-20,22
-3.421210985188711e-07,-6.56896506468784e-08,3.291284440414721e-08,-4.212109851887283e-08,-1.568965064687841e-08,3.291284440414731e-08,-553.3608480245078,-13.059793989966304,-117.98602904131486,2.7699999999999997e-09,5.659500767686147e-09,1.0623816009903293e-20,22
-3.4765470699911617e-07,-6.582024858677807e-08,3.173298411373406e-08,-4.765470699911791e-08,-1.5820248586778076e-08,3.173298411373416e-08,-553.3608480245078,-13.059793989966304,-117.98602904131486,2.78e-09,5.659500767686147e-09,1.0623816009903293e-20,22
-3.5318831547936123e-07,-6.595084652667773e-08,3.055312382332091e-08,-5.318831547936299e-08,-1.595084652667774e-08,3.055312382332101e-08,-553.3608480245078,-13.059793989966304,-117.98602904131486,2.7899999999999997e-09,5.659500767686147e-09,1.0623816009903293e-20,22
-3.587219239596063e-07,-6.60814444665774e-08,2.9373263532907757e-08,4.127807604039193e-08,-1.6081444466577405e-08,2.9373263532907863e-08,-553.3608480245078,-13.059793989966304,-117.98602904131486,2.8e-09,5.659500767686147e-09,1.0623816009903293e-20,22
-3.6425553243985134e-07,-6.621204240647706e-08,2.8193403242494607e-08,3.574446756014685e-08,-1.621204240647707e-08,2.8193403242494712e-08,-553.3608480245078,-13.059793989966304,-117.98602904131486,2.81e-09,5.659500767686147e-09,1.0623816009903293e-20,22
-3.697891409200964e-07,-6.634264034637672e-08,2.7013542952081456e-08,3.021085907990177e-08,-1.6342640346376734e-08,2.7013542952081562e-08,-553.3608480245078,-13.059793989966304,-117.98602904131486,2.8199999999999998e-09,5.659500767686147e-09,1.0623816009903293e-20,22
-3.7532274940034146e-07,-6.647323828627639e-08,2.5833682661668306e-08,2.4677250599656694e-08,-1.6473238286276398e-08,2.5833682661668412e-08,-553.3608480245078,-13.059793989966304,-117.98602904131486,2.83e-09,5.659500767686147e-09,1.0623816009903293e-20,22
-3.808563578805865e-07,-6.660383622617605e-08,2.4653822371255156e-08,1.9143642119411615e-08,-1.6603836226176063e-08,2.4653822371255262e-08,-553.3608480245078,-13.059793989966304,-117.98602904131486,2.8399999999999997e-09,5.659500767686147e-09,1.0623816009903293e-20,22
-3.863899663608316e-07,-6.673443416607572e-08,2.3473962080842006e-08,1.3610033639166537e-08,-1.6734434166075727e-08,2.3473962080842112e-08,-553.3608480245078,-13.059793989966304,-117.98602904131486,2.85e-09,5.659500767686147e-09,1.0623816009903293e-20,22
-3.9192357484107664e-07,-6.686503210597538e-08,2.2294101790428856e-08,8.076425158921459e-09,-1.6865032105975392e-08,2.229410179042896e-08,-553.3608480245078,-13.059793989966304,-117.98602904131486,2.8599999999999996e-09,5.659500767686147e-09,1.0623816009903293e-20,22
-3.974571833213217e-07,-6.699563004587505e-08,2.1114241500015705e-08,2.54281667867638e-09,-1.6995630045875056e-08,2.111424150001581e-08,-553.3608480245078,-13.059793989966304,-117.98602904131486,2.87e-09,5.659500767686147e-09,1.0623816009903293e-20,22
-4.0299079180156675e-07,-6.712622798577471e-08,1.9934381209602555e-08,-2.9907918015686983e-09,-1.712622798577472e-08,1.993438120960266e-08,-553.3608480245078,-13.059793989966304,-117.98602904131486,2.88e-09,5.659500767686147e-09,1.0623816009903293e-20,22
-4.085244002818118e-07,-6.725682592567438e-08,1.8754520919189405e-08,-8.524400281813777e-09,-1.7256825925674385e-08,1.875452091918951e-08,-553.3608480245078,-13.059793989966304,-117.98602904131486,2.8899999999999997e-09,5.659500767686147e-09,1.0623816009903293e-20,22
-4.1405800876205687e-07,-6.738742386557404e-08,1.7574660628776255e-08,-1.4058008762058855e-08,-1.738742386557405e-08,1.757466062877636e-08,-553.3608480245078,-13.059793989966304,-117.98602904131486,2.9e-09,5.659500767686147e-09,1.0623816009903293e-20,22
-4.1959161724230193e-07,-6.75180218054737e-08,1.6394800338363105e-08,-1.9591617242303934e-08,-1.7518021805473714e-08,1.639480033836321e-08,-553.3608480245078,-13.059793989966304,-117.98602904131486,2.9099999999999997e-09,5.659500767686147e-09,1.0623816009903293e-20,22
-4.25125225722547e-07,-6.764861974537337e-08,1.5214940047949954e-08,-2.5125225722549012e-08,-1.764861974537338e-08,1.521494004795006e-08,-553.3608480245078,-13.059793989966304,-117.98602904131486,2.92e-09,5.659500767686147e-09,1.0623816009903293e-20,22
-4.3065883420279205e-07,-6.777921768527303e-08,1.4035079757536806e-08,-3.065883420279409e-08,-1.7779217685273043e-08,1.4035079757536912e-08,-553.3608480245078,-13.059793989966304,-117.98602904131486,2.93e-09,5.659500767686147e-09,1.0623816009903293e-20,22
-4.361924426830371e-07,-6.79098156251727e-08,1.2855219467123657e-08,-3.619244268303917e-08,-1.7909815625172708e-08,1.2855219467123763e-08,-553.3608480245078,-13.059793989966304,-117.98602904131486,2.9399999999999998e-09,5.659500767686147e-09,1.0623816009903293e-20,22
-4.4172605116328216e-07,-6.804041356507236e-08,1.1675359176710509e-08,-4.172605116328425e-08,-1.8040413565072372e-08,1.1675359176710615e-08,-553.3608480245078,-13.059793989966304,-117.98602904131486,2.95e-09,5.659500767686147e-09,1.0623816009903293e-20,22
-4.472596596435272e-07,-6.817101150497203e-08,1.049549888629736e-08,-4.7259659643529326e-08,-1.8171011504972037e-08,1.0495498886297466e-08,-167.47180420249424,-85.91347433514014,261.74187479170365,2.9599999999999997e-09,5.659500767686147e-09,1.0623816009903293e-20,23
-4.489343776855522e-07,-6.903014624832344e-08,1.3112917634214397e-08,-4.8934377685554266e-08,-1.9030146248323437e-08,1.3112917634214503e-08,-167.47180420249424,-85.91347433514014,261.74187479170365,2.97e-09,3.2239221345226252e-09,3.447413534824516e-21,23
-4.5060909572757714e-07,-6.988928099167484e-08,1.5730336382131434e-08,-5.0609095727579207e-08,-1.9889280991674838e-08,1.573033638213154e-08,-167.47180420249424,-85.91347433514014,261.74187479170365,2.9799999999999996e-09,3.2239221345226252e-09,3.447413534824516e-21,23
-4.522838137696021e-07,-7.074841573502625e-08,1.834775513004847e-08,4.771618623039585e-08,-2.074841573502624e-08,1.8347755130048576e-08,-167.47180420249424,-85.91347433514014,261.74187479170365,2.99e-09,3.2239221345226252e-09,3.447413534824516e-21,23
